year,month,county,abrState,name,CAT,recovery,numInMonth,numInSeason,recoverCount,prevProd,Production,vmax,mslp,time,takeupTotal,ratePoverty,houseMedianValue,houseOccupied,houseTotal,sumBuildingCoverage,policyCount
2010,8,Autauga County,AL,five,LO,11,1,1,1,949298.104,1449229.293,15,1010,3.5,0.002090107,7.5,133900,19718,21530,6530200,45
2011,9,Autauga County,AL,lee,EX,11,1,1,1,1720079.135,1161788.949,30,995,2.2,0.001967153,7.4,137500,19998,21859,6652100,43
2018,5,Autauga County,AL,alberto,TD,2,1,1,1,1029986.157,1067795.967,30,995,1.2,0.000729144,12,22,21115,23315,3070300,17
2010,8,Chambers County,AL,five,LO,2,1,1,1,0,0,15,1012,5,0.00011909,16.4,82200,13681,16794,400000,2
2017,9,Chambers County,AL,irma,LO,2,1,1,1,0,0,35,993,0.666666667,0,14,18,13694,16989,0,0
2018,5,Chilton County,AL,alberto,TD,2,1,1,1,66014.496,73943.199,30,995,1.2,0.000153171,15.3,128,16751,19586,521300,3
2017,10,Choctaw County,AL,nate,TS,2,1,1,1,21636,9337,60,992.5,1.523809524,0.000272889,17.4,24,5463,7329,450000,2
2010,8,Clarke County,AL,five,LO,3,1,1,1,9348.521,9242.888,25,1009,1.5,0.000157493,21.1,73300,9144,12699,288500,2
2011,9,Clarke County,AL,lee,EX,4,1,1,1,10145.57,11145.242,40,995,1.2,0.000237192,21.7,79900,9114,12648,178500,3
2017,9,Colbert County,AL,irma,LO,5,1,1,1,1425.974,1245.343,15,1003,1.75,0.000113925,12.9,104,21983,26333,450000,3
2018,5,Colbert County,AL,alberto,TD,2,1,1,1,5510.926,5467.143,30,998,1,0.000188922,12.6,155,21799,26466,575000,5
2011,9,Coosa County,AL,lee,EX,2,1,1,1,11929,17693,30,996,1,0.000618334,14.6,79200,4667,6469,524200,4
2018,5,Covington County,AL,alberto,TD,2,1,1,1,344355.607,402697.71,30,994,1.2,0.000370233,13.8,28,15008,18907,1160000,7
2010,8,Dallas County,AL,five,LO,2,1,1,1,41154.616,43153.002,20,1010,1.5,0.001474564,27.3,70300,16795,20345,3151800,30
2011,9,Dallas County,AL,lee,EX,3,1,1,1,49259,48825,40,995,1.2,0.002220249,29.4,70200,16913,20268,4639800,45
2010,8,Elmore County,AL,five,LO,4,1,1,1,46729.586,56410.196,15,1011,2,0.002770083,9.1,136500,27762,31768,13854900,88
2011,9,Elmore County,AL,lee,EX,3,1,1,1,34123.194,50018.126,30,996,1,0.003127613,9.7,143200,28085,32293,16072300,101
2017,10,Greene County,AL,nate,TD,9,1,1,1,92633,108439,35,995,0.666666667,0.000197785,33.4,0,3025,5056,100000,1
2017,10,Hale County,AL,nate,TD,2,1,1,1,2924.735,2715.215,35,995,0.666666667,0.000773894,21.2,22,5664,7753,654700,6
2010,8,Houston County,AL,five,LO,5,1,1,1,1253486.678,1264608.452,20,1012,2,0.001321892,12.7,116300,38035,44633,8571000,59
2017,9,Lauderdale County,AL,harvey,EX,2,1,1,1,190521.236,156585.42,30,1002,0.857142857,0.000246986,11.3,144,38634,44537,1953500,11
2018,5,Lauderdale County,AL,alberto,TD,7,1,1,1,260867.128,215548.005,30,998,1,0.000156278,10.5,138,38514,44792,1250100,7
2017,9,Lawrence County,AL,irma,LO,4,1,1,1,89938.512,82091.558,20,1002,0.75,0.000195478,13.5,34,13056,15347,191600,3
2018,5,Lawrence County,AL,alberto,TD,2,1,1,1,156474.05,175267.44,30,998,1,0.000130098,13.4,29,12811,15373,170000,2
2017,9,Lee County,AL,irma,LO,11,1,1,1,1190088.127,1069395.79,35,993,0.666666667,0.00029812,13.3,163,59001,67087,3461100,20
2017,10,Limestone County,AL,nate,LO,2,1,1,1,2391880,2498096,25,998,0.6,0.000446192,11.2,83,32386,35859,2613100,16
2010,8,Lowndes County,AL,five,LO,7,1,1,1,59438.877,65202.934,20,1010,1.5,0.000948767,24.4,64000,4205,5270,429500,5
2018,5,Lowndes County,AL,alberto,TD,2,1,1,1,37663,51588,30,995,1.2,0.000578369,23.4,8,4180,5187,677000,3
2017,10,Madison County,AL,nate,LO,2,1,1,1,0,0,25,998,0.6,0.001700637,10.2,761,142253,157000,48314800,267
2017,10,Marengo County,AL,nate,TS,3,1,1,1,23920.688,23498.724,35,993,1.523809524,0.00067915,17.4,33,7975,10307,802400,7
2010,8,Mobile County,AL,five,LO,12,1,1,1,1596270.833,1703243.774,25,1008,2,0.009661286,15.7,120700,153302,175753,297117500,1698
2010,8,Monroe County,AL,five,LO,54,1,1,1,14594,11002,25,1009,1.5,0.000438289,21.4,80400,9191,11408,590000,5
2017,10,Morgan County,AL,nate,LO,2,1,1,1,426407.83,514318.526,25,998,0.6,0.001873383,14,107,45904,51778,12676100,97
2011,9,Randolph County,AL,lee,EX,2,1,1,1,2528,1146,20,997,2,0.000168393,16.2,91200,8949,11877,274100,2
2010,8,Russell County,AL,five,LO,8,1,1,1,67616,67609,15,1013,1.5,0.000454301,19.3,93300,20174,24213,1020800,11
2017,9,Russell County,AL,irma,LO,3,1,1,1,68487,66770,35,993,0.666666667,0.000184026,15.4,48,22690,27170,425000,5
2017,9,Shelby County,AL,irma,LO,3,1,1,1,457284.01,191930,25,999,1,0.000446833,5,535,76868,85043,6473900,38
2017,9,Talladega County,AL,irma,LO,4,1,1,1,36003.906,34709.876,25,999,1,0.000612305,15.2,59,31651,37563,3581800,23
2010,8,Tallapoosa County,AL,five,LO,2,1,1,1,365260,463191,15,1011,5,0.00036483,13.4,91300,16282,21928,1473000,8
2011,9,Tallapoosa County,AL,lee,EX,4,1,1,1,481299,339149,30,996,1,0.000590694,12.9,96600,16404,22008,2397100,13
2017,9,Tallapoosa County,AL,irma,LO,7,1,1,1,446815,415308,25,997,1.666666667,0.000314494,16.8,92,16369,22258,1425000,7
2017,10,Tuscaloosa County,AL,nate,TD,2,1,1,1,9782.193,8764.473,35,995,0.666666667,0.000782831,11.4,329,71507,89419,11265900,70
2018,5,Tuscaloosa County,AL,alberto,TD,2,1,1,1,16229.668,18178.941,30,997,1.2,0.000585144,11.2,355,72379,90576,8661400,53
2017,9,Walker County,AL,irma,LO,2,1,1,1,387864.588,482398.645,20,1002,0.75,0.000258164,16.5,52,25143,30988,1291000,8
2017,10,Walker County,AL,nate,TD,1,1,2,2,387864.588,514173.062,35,995,0.666666667,0.000258164,16.5,52,25143,30988,1291000,8
2018,5,Walker County,AL,alberto,TD,2,1,1,1,489893.928,584721.097,30,997,1.2,9.66E-05,14.3,47,25036,31057,236400,3
2010,8,Washington County,AL,five,LO,6,1,1,1,427235.166,347580.297,25,1008,3.5,0.000237954,16.8,85200,6672,8405,300000,2
2010,8,Wilcox County,AL,five,LO,2,1,1,1,55846.112,63532.399,20,1009,3,0.001381454,32.7,54200,3732,5791,851800,8
2011,9,Wilcox County,AL,lee,EX,3,1,1,1,62112.007,60877.49,40,995,1.2,0.002630656,31.7,54500,3732,5702,904400,15
2011,8,Fairfield County,CT,irene,TS,19,1,1,1,517115.176,392695.678,55,968,0.555555556,0.011873633,5.7,466700,332139,359873,884011500,4273
2011,8,Litchfield County,CT,irene,TS,2,1,1,1,7263.216,7350.658,55,968,0.555555556,0.002121827,3.7,279600,76477,87189,32131200,185
2012,10,New Castle County,DE,sandy,EX,6,1,1,1,604075.927,546133.466,70,955,1,0.00304108,6.9,251200,200618,217357,125076100,661
2013,6,Sussex County,DE,andrea,EX,2,1,1,1,118216.859,173942.555,40,997,2,0.025388926,8.9,236600,76444,124188,664824700,3153
2012,6,Alachua County,FL,debby,TD,2,1,1,1,170913.971,175056.236,30,998,1.2,0.005569027,11.3,176300,96544,112587,109930400,627
2010,8,Bay County,FL,five,LO,5,1,1,1,517583.277,528663.238,20,1010,3,0.084778871,9.1,175500,68807,98291,1506549200,8333
2018,5,Bay County,FL,alberto,TS,3,1,1,1,403388.224,254663.21,45,992,1.5,0.02774138,10.5,356,70199,102266,551016500,2837
2018,10,Bay County,FL,michael,H5,11,1,1,1,400196.509,120621.025,140,919.5,6.75,0.023536659,10.5,356,70199,102266,480785600,2407
2019,10,Bay County,FL,nestor,EX,3,1,1,1,456099.626,472185.335,40,999,6.857142857,0.002454384,10.5,356,70199,102266,53605100,251
2016,9,Brevard County,FL,julia,TS,11,1,1,1,676783.003,565559.995,35,1010,3.2,0.018580442,10.1,1373,224373,272437,980499200,5062
2017,9,Charlotte County,FL,irma,H1,7,1,1,1,14800.497,14111.902,80,942,2.666666667,0.039159531,8.3,632,74884,102657,837466700,4020
2017,9,Citrus County,FL,irma,TS,5,1,1,1,906212.004,775754.996,65,967,1,0.010631145,11.7,149,62488,78825,137694900,838
2017,9,Collier County,FL,irma,H3,2,1,1,1,1310.37,1108.799,100,936,2.666666667,0.031561742,8.4,10072,138131,207403,1362872900,6546
2017,9,DeSoto County,FL,irma,H1,2,1,1,1,18792.77,17686.889,80,955,1,0.001266751,20.9,126,11744,14999,3020200,19
2012,5,Duval County,FL,beryl,TS,2,1,1,1,1006245.598,1161296.685,50,996,2.5,0.024218977,12.2,161200,330302,388497,1873893700,9409
2019,10,Gadsden County,FL,nestor,EX,2,1,1,1,8461.177,9904.892,40,1000,0.857142857,0,17.6,193,17080,19866,0,0
2012,5,Hamilton County,FL,beryl,TD,3,1,1,1,19126.675,20681.292,30,1004,12,0.001915375,15.9,72300,4473,5743,963200,11
2016,6,Hamilton County,FL,colin,TS,2,1,1,1,1,2145,45,1002,0.5,0.00157867,21.7,35,4717,5701,480000,9
2017,9,Hamilton County,FL,irma,TS,2,1,1,1,8530,7115,50,977,1,0.001207938,21,42,4551,5795,555000,7
2017,8,Hardee County,FL,emily,TD,2,1,1,1,485971.001,511446,35,1006,2,0.000719868,19.2,51,7718,9724,1256300,7
2017,9,Hardee County,FL,irma,H1,1,1,2,2,485971.001,556677.996,80,955,1,0.00061703,19.2,51,7718,9724,1106300,6
2017,9,Hernando County,FL,irma,TS,2,1,1,1,29253.045,25161.131,65,967,1,0.005109302,10.1,179,72234,85726,76022800,438
2017,8,Highlands County,FL,emily,TD,29,1,1,1,477.496,503.16,30,1006,4,0.002270188,12.8,109,41350,55502,19858100,126
2017,9,Hillsborough County,FL,irma,H1,13,1,1,1,1195840.133,1104297.182,80,955,1,0.011702547,11.5,4218,505845,563638,1292668100,6596
2016,9,Indian River County,FL,julia,TS,15,1,1,1,1706.659,1539.694,35,1010,2,0.034800898,8.5,1885,57829,77498,529217900,2697
2017,8,Indian River County,FL,emily,TD,4,1,2,12,1706.659,0,30,1007,2,0.024264359,7.2,1810,57911,78469,376671100,1904
2010,8,Jackson County,FL,five,LO,12,1,1,1,26594.799,22489.86,20,1011,5,0.002009473,11,97700,16767,20901,6318600,42
2018,10,Jackson County,FL,michael,H4,2,1,1,1,2410.363,2938.533,135,945,0.75,0.000854782,16.4,49,16894,21058,3047800,18
2017,9,Lee County,FL,irma,H3,12,1,1,1,934540,800401,100,940,1.666666667,0.02515761,10.2,4480,264325,383224,1937301400,9641
2019,10,Liberty County,FL,nestor,EX,3,1,1,1,8353,9364,40,1000,0.857142857,0,11.2,62,2381,3586,0,0
2017,7,Manatee County,FL,emily,TS,2,1,1,1,300248.678,846952.606,35,1005,8,0.021216277,8.7,1837,140255,183774,784903100,3899
2012,6,Marion County,FL,debby,TD,5,1,1,1,2161.553,1963.201,30,998,1.2,0.005915859,12.5,130900,134733,163797,160807100,969
2017,9,Marion County,FL,irma,TS,2,1,1,1,1319.719,1116.709,65,967,1,0.002711037,12.9,510,134747,166357,78491300,451
2010,7,Miami-Dade County,FL,bonnie,TD,2,1,1,1,1620726.911,1710624.685,35,1008,2,0.096181852,13.8,269600,827556,980580,15243378400,94314
2018,9,Miami-Dade County,FL,gordon,TS,9,1,1,1,1893283.597,1836506.15,45,1006,0.5,0.012103441,14.7,23160,870051,1016653,2296608200,12305
2012,5,Nassau County,FL,beryl,TD,2,1,1,1,41268,57540,50,999,1.5,0.077796853,8.1,195300,27463,34950,554531600,2719
2016,6,Nassau County,FL,colin,EX,2,1,1,1,77276.302,75079.966,45,1001,1.5,0.046027882,9.3,470,29214,36152,333428400,1664
2016,9,Nassau County,FL,julia,TS,4,1,1,1,91624.39,81452.773,40,1011,1.5,0.037867891,9.3,470,29214,36152,278188800,1369
2016,9,Orange County,FL,julia,TS,11,1,1,1,885423.618,939139.493,45,1010,1.2,0.00420991,13.2,4409,444852,508562,388186300,2141
2016,9,Osceola County,FL,julia,TS,38,1,1,1,456613.589,319966.957,45,1010,1.2,0.011718548,16.3,232,93324,135085,259565900,1583
2017,9,Pasco County,FL,irma,H1,11,1,1,1,410918.829,342941.597,65,961,2,0.011617772,9.7,695,195818,237481,469507800,2759
2012,6,Putnam County,FL,debby,TD,2,1,1,1,857405.033,860006.749,30,998,1.2,0.009299075,19.5,97300,28764,37208,52469000,346
2016,9,Seminole County,FL,julia,TS,5,1,1,1,43.67,38.68,45,1010,1.2,0.004039129,8.5,1126,156216,185436,150291400,749
2016,9,St. Lucie County,FL,julia,TS,3,1,1,1,953547,1437454,35,1010,2,0.019339044,13.5,425,108796,137649,483245200,2662
2013,6,Suwannee County,FL,andrea,TS,2,1,1,1,49883,53527,40,995,0.545454545,0.004642575,18.8,98400,15712,18955,11602400,88
2016,6,Suwannee County,FL,colin,TS,2,1,1,1,44556,59435,45,1002,0.5,0.003764781,19,140,15315,18859,9484300,71
2017,9,Suwannee County,FL,irma,TS,5,1,1,1,3549.552,3095.851,50,977,1,0.00202977,16.5,139,15291,19214,5390900,39
2016,9,Volusia County,FL,julia,TS,7,1,1,1,925911.376,831459.65,45,1010,3.2,0.018823878,11.1,1196,205310,256164,870605200,4822
2016,9,Wakulla County,FL,hermine,H1,5,1,1,1,120040,90361,70,981,5.5,0.011964882,10.8,14,10726,12871,26745500,154
2012,5,Appling County,GA,beryl,TD,3,1,1,1,1259959,1153449,25,1005,1.2,0.002474956,17.2,83700,7047,8485,1818900,21
2016,9,Appling County,GA,hermine,TS,2,1,1,1,1309027,1245472,50,990,0.6,0.001665081,16.3,23,6711,8408,1739100,14
2019,10,Burke County,GA,nestor,EX,2,1,1,1,1686301.338,1754512.289,40,1002,1.045454545,0,20.4,10,8184,10004,0,0
2013,6,Camden County,GA,andrea,TS,3,1,1,1,114.58,124.212,40,995,0.545454545,0.038490602,13.7,154500,18386,21174,160423300,815
2016,6,Camden County,GA,colin,EX,7,1,1,1,95.522,87.277,45,1001,1.5,0.027550782,12,49,18658,21415,123021500,590
2016,9,Camden County,GA,julia,TS,4,1,2,4,95.522,51.658,40,1011,1.5,0.025636236,12,49,18658,21415,115061200,549
2013,6,Chatham County,GA,andrea,TS,2,1,1,1,138353.605,146829.02,40,996,0.545454545,0.051404125,13.5,174500,102484,120146,1261698700,6176
2017,9,Chattahoochee County,GA,irma,LO,7,1,1,1,4686,4783,35,993,0.666666667,0,11.4,8,2505,3349,0,0
2010,8,Clay County,GA,five,LO,3,1,1,1,13700,13306,20,1013,1.5,0,25.5,58500,1115,1917,0,0
2017,9,Colquitt County,GA,irma,TS,19,1,1,1,203.499,194.63,45,984,1,0.000648298,21.5,36,15599,18510,860000,12
2018,10,Columbia County,GA,michael,TS,2,1,1,1,4074.622,4528.926,50,984,0.666666667,0.000694222,6,160,46840,56178,7834800,39
2017,9,Dougherty County,GA,irma,TS,22,1,1,1,40795.226,31143.634,45,984,1,0.001547835,25.2,57,34842,40702,7020500,63
2018,10,Dougherty County,GA,michael,TS,9,1,2,14,40795.226,7288.491,80,972,0.666666667,0.000762852,24.3,105,34780,40637,3554600,31
2018,10,Early County,GA,michael,H4,2,1,1,1,54983.799,46143.526,135,945,0.75,0.000402253,24.2,0,4082,4972,258100,2
2012,5,Effingham County,GA,beryl,TS,2,1,1,1,869983.202,1065258.642,35,1003,1,0.012942539,7.5,156900,17979,19857,45563900,257
2016,9,Effingham County,GA,hermine,TS,8,1,1,1,1061042,792863,50,990,1.35,0.004148177,7.9,69,18695,20732,14260300,86
2013,6,Glynn County,GA,andrea,TS,5,1,1,1,40553.269,35974.067,40,995,0.545454545,0.113182619,15.3,162900,31547,40872,890223300,4626
2016,6,Glynn County,GA,colin,EX,22,1,1,1,45348.78,41874.519,45,1001,1.5,0.059763342,15.2,522,32623,41748,495952600,2495
2016,9,Glynn County,GA,julia,TS,19,1,2,4,45348.78,43549.993,40,1011,4.5,0.052697135,15.2,522,32623,41748,435897600,2200
2011,9,Heard County,GA,lee,EX,11,1,1,1,2104959.003,1557234.002,20,999,1,0,22,86800,4364,5120,0,0
2016,9,Lanier County,GA,hermine,TS,2,1,1,1,447.597,529.848,60,987,0.571428571,0.000466092,27,4,3733,4291,60000,2
2012,5,Liberty County,GA,beryl,TD,4,1,1,1,9171,6593,25,1004,2.2,0.015411216,14.9,126800,22991,26604,64889800,410
2013,6,Liberty County,GA,andrea,TS,5,1,1,1,9707,9198,40,996,0.545454545,0.011658322,15.6,126900,23046,26762,50194400,312
2016,9,Liberty County,GA,hermine,TS,2,1,1,1,9762,9483,50,990,0.6,0.006609628,14.4,32,22780,27233,30994000,180
2012,5,Lowndes County,GA,beryl,TD,20,1,1,1,0.579,0.333,25,1005,4.2,0.001355748,15.9,134000,39369,44256,9203200,60
2016,9,Lowndes County,GA,hermine,TS,11,1,1,1,30457.742,31457.335,60,987,0.571428571,0.000481285,17.3,69,39809,45711,3141900,22
2017,9,Lowndes County,GA,irma,TS,10,1,1,1,31450.828,29804.056,50,977,1,0.000323569,18.1,100,40318,46358,2667700,15
2019,10,Mitchell County,GA,nestor,EX,3,1,1,1,35975.736,32266.537,35,1000,1.402597403,0,18.2,7,7889,9047,0,0
2010,8,Muscogee County,GA,five,LO,8,1,1,1,23763.318,22261.908,15,1013,4.5,0.002177271,14.8,131900,72124,82213,25540700,179
2017,9,Muscogee County,GA,irma,LO,5,1,1,1,20806.39,18748.33,35,993,0.666666667,0.00057041,17,231,73179,84150,10033800,48
2011,9,Polk County,GA,lee,EX,59,1,1,1,84611,10576,20,999,1,0.002310837,17.9,109200,14675,16877,3598000,39
2010,8,Troup County,GA,five,LO,6,1,1,1,7769.158,7278.292,15,1012,2,0.000618677,15.5,130300,23690,27478,2501900,17
2018,10,Twiggs County,GA,michael,TS,6,1,1,1,5087.491,5122.559,80,972,0.666666667,0,19.2,0,3031,4240,0,0
2018,10,Washington County,GA,michael,TS,4,1,1,1,8083.405,7030.275,50,984,0.666666667,0.000108143,21.5,50,7359,9247,70000,1
2017,9,Worth County,GA,irma,TS,5,1,1,1,3562.331,3122.454,45,984,1,0.001395449,18.9,16,7899,9316,1608000,13
2019,10,Worth County,GA,nestor,EX,2,1,1,1,1704.739,1993.813,40,1001,0.545454545,0,17.4,16,8038,9329,0,0
2010,7,Ascension Parish,LA,bonnie,LO,2,1,1,1,167224.613,180965.612,15,1014,1.5,0.051159236,9.1,164200,35640,39250,330851200,2008
2012,8,Ascension Parish,LA,isaac,TS,5,1,1,1,114801.568,110968.116,55,977,3,0.043827326,8.7,167600,37331,40979,306533000,1796
2017,8,Beauregard Parish,LA,harvey,TS,3,1,1,1,33409.788,33485.238,35,996,3.5,0.001036404,12.8,46,13327,15438,2224100,16
2019,7,Beauregard Parish,LA,barry,TS,2,1,1,1,25743.617,32937.522,50,1002,1.5,6.43E-05,12.3,82,13219,15560,150000,1
2017,6,Caddo Parish,LA,cindy,TD,2,1,1,1,292086,307417,35,998,1.5,0.002843199,18.2,461,97283,112901,51592800,321
2019,7,Caddo Parish,LA,barry,TS,2,1,1,1,325438,378173,35,1007,4.5,0.000451331,17.7,454,96360,112999,9843200,51
2017,8,Calcasieu Parish,LA,harvey,TS,5,1,1,1,934470.574,719530.997,40,992,4,0.007939868,12.7,275,77130,87407,112050400,694
2017,6,Cameron Parish,LA,cindy,TS,2,1,1,1,1.124,1.156,45,991,2.666666667,0.019427671,7.1,8,2686,3809,10198700,74
2011,9,East Baton Rouge Parish,LA,lee,EX,4,1,1,1,420901.124,387801.194,40,994,1,0.02910104,12.3,161600,167150,186282,874835200,5421
2011,9,Iberia Parish,LA,lee,SS,2,1,1,1,97.652,103.857,35,987,3,0.022410005,17.2,102600,26370,29585,90567900,663
2011,9,Iberville Parish,LA,lee,EX,9,1,1,1,1143098.001,907924.004,35,991.5,10,0.012233623,13.9,89300,11040,12670,22335000,155
2012,8,Iberville Parish,LA,isaac,TS,3,1,1,1,1259323.002,1247012,55,980,1.5,0.012971698,14.5,87800,10982,12720,24242400,165
2012,8,Jackson Parish,LA,isaac,TD,3,1,1,1,36055.424,37709.06,35,996,1.2,0.000260756,15.7,76000,6076,7670,60000,2
2010,7,Jefferson Parish,LA,bonnie,LO,55,1,1,1,591949,441679,25,1012,1.5,0.116785863,10.1,175100,162881,187086,3678924100,21849
2012,8,Lincoln Parish,LA,isaac,TD,13,1,1,1,4745.626,4589.639,35,996,1.2,0.000566106,20.2,114900,16603,19431,2023900,11
2010,7,Plaquemines Parish,LA,bonnie,LO,2,1,1,1,19609.82,21798.724,25,1012,7.5,0.036893204,7.7,203100,7718,9270,55083600,342
2017,10,Plaquemines Parish,LA,nate,H1,4,1,1,1,11137.92,11573.907,75,983,8.5,0.011789182,16.1,57,8759,10094,20984700,119
2012,8,Pointe Coupee Parish,LA,isaac,TS,18,1,1,1,1185174.119,1113558.335,55,982,3,0.011045259,11.9,114100,8942,11136,17962500,123
2017,8,Rapides Parish,LA,harvey,TD,13,1,1,1,639473.212,474711.948,30,998,3.5,0.002034252,15.6,200,48032,57515,16088400,117
2019,7,Red River Parish,LA,barry,TS,2,1,1,1,2582,5824,35,1006,1.5,0,20.1,11,3334,4190,0,0
2010,7,St. Charles Parish,LA,bonnie,LO,2,1,1,1,1806863.02,2004514.95,25,1012,1.5,0.118660433,11,170200,18460,19678,422102200,2335
2010,7,St. James Parish,LA,bonnie,LO,2,1,1,1,45411.62,43940.641,20,1013,1.5,0.007068408,11.3,116600,7455,8347,9845700,59
2012,8,Terrebonne Parish,LA,isaac,H1,16,1,1,1,6872,6970,65,970.5,9.5,0.086339795,12.8,128500,39226,43850,584719600,3786
2010,8,Washington Parish,LA,five,LO,2,1,1,1,35645.377,39852.45,25,1009,1.5,0.002326483,22.1,84400,17292,20632,4984900,48
2011,9,Washington Parish,LA,lee,EX,2,1,1,1,16507.558,38553.165,40,995,0.857142857,0.002583856,23.3,82900,17444,20899,5732700,54
2019,10,Washington Parish,LA,olga,EX,2,1,1,1,37380.638,39040.997,45,993,0.6,9.28E-05,19.7,33,17337,21548,280500,2
2017,6,Webster Parish,LA,cindy,TD,2,1,1,1,0,0,30,1000,0.75,0.000306373,18.8,3,15854,19584,833500,6
2011,9,West Baton Rouge Parish,LA,lee,EX,95,1,1,1,5449.21,3953.45,40,994,1,0.011066508,11.4,132000,8510,9217,19656800,102
2012,8,West Baton Rouge Parish,LA,isaac,TS,84,1,2,12,5449.21,5085.532,55,980,1.5,0.009389671,12.1,135500,8700,9372,17063300,88
2012,8,West Feliciana Parish,LA,isaac,TS,6,1,1,1,724571,721835,55,985,1.5,0.002546024,10.3,191000,3991,5106,2203900,13
2016,9,Barnstable County,MA,hermine,EX,2,1,1,1,3183.105,3244.48,20,1010,3,0.006180707,4.9,3864,94351,161632,208698700,999
2011,8,Berkshire County,MA,irene,TS,12,1,1,1,34273.714,20843.452,50,970,1.412698413,0.003858803,8.3,208100,55793,68415,38191100,264
2018,9,Berkshire County,MA,florence,EX,2,1,1,1,27001.416,16582.642,25,1006,0.545454545,0.000434292,7.9,894,55167,69078,4043300,30
2013,6,Bristol County,MA,andrea,EX,2,1,1,1,184520.637,284510.43,40,998,1,0.002761903,9.4,278100,210037,230276,117775700,636
2011,8,Franklin County,MA,irene,EX,2,1,1,1,-19792.843,-11842.249,50,976,0.857142857,0.00092081,8.7,223200,30362,33666,6143900,31
2016,9,Nantucket County,MA,hermine,EX,2,1,1,1,13.959,26.107,25,1010,3,0.007514353,4.6,1154,3836,11844,20595500,89
2013,6,Plymouth County,MA,andrea,EX,2,1,1,1,64416.726,523623.027,40,998,1,0.007583619,5.5,332100,179617,200432,299352200,1520
2013,6,Worcester County,MD,andrea,EX,3,1,1,1,-12.443,-4.036,40,997,2,0.145007725,7.1,253400,20530,55666,1391876700,8072
2011,8,Aroostook County,ME,irene,EX,2,1,1,1,28029.652,31753.219,40,984,3,0.001669111,10.5,88400,30459,39542,6306100,66
2011,8,Franklin County,ME,irene,EX,6,1,1,1,156957.072,145081.806,45,982,0.75,0.001390756,11.2,134300,12235,21571,3582500,30
2017,10,Franklin County,ME,nate,EX,2,1,1,1,79030.167,85927.461,25,1006,0.75,0.000543774,7.6,59,11577,22068,1155200,12
2011,8,Oxford County,ME,irene,EX,13,1,1,1,200768.788,110457.877,45,982,0.75,0.001811392,9.6,144200,23512,35884,8885000,65
2017,10,Oxford County,ME,nate,EX,2,1,1,1,83493.873,133685.822,25,1006,0.75,0.000545197,9.6,62,20756,36684,2211000,20
2017,10,Penobscot County,ME,nate,EX,2,1,1,1,135536.402,161346.689,25,1006,0.75,0.000332372,9.9,126,61848,75217,3332000,25
2011,8,Piscataquis County,ME,irene,EX,2,1,1,1,0,0,40,983,3.75,0.000982704,11.7,106900,7860,15264,1615000,15
2017,10,Piscataquis County,ME,nate,EX,2,1,1,1,29154,42450,25,1006,0.75,0.00032438,12.1,37,7477,15414,608300,5
2011,8,Somerset County,ME,irene,EX,2,1,1,1,63348.676,62620.179,45,982,0.75,0.001412615,14.4,111700,21795,30440,4410200,43
2017,10,Somerset County,ME,nate,EX,2,1,1,1,89818.909,75716.317,25,1006,0.75,0.000324665,12.6,38,21392,30801,830200,10
2017,10,Washington County,ME,nate,EX,2,1,1,1,37951.334,47707.711,25,1006,6.75,0.000430163,12.3,67,14017,23247,1111000,10
2011,9,Forrest County,MS,lee,EX,31,1,1,1,6457,-91,40,995,0.857142857,0.005249672,21.9,112200,28032,32002,14234500,168
2018,9,Forrest County,MS,gordon,TD,8,1,1,1,8521,7644,45,1005,1,0.000879988,18.2,75,28033,32955,3075000,29
2010,8,George County,MS,five,LO,18,1,1,1,1.923,2.085,25,1008,5,0.003967817,12,92400,7858,9073,2577400,36
2017,10,George County,MS,nate,TS,2,1,1,1,57.032,53.113,60,990,0.857142857,0.000951374,9.9,26,7220,9460,861300,9
2018,9,George County,MS,gordon,TS,2,1,1,1,0,0,60,1000,1,0.000631978,9.4,32,7362,9494,889800,6
2010,8,Harrison County,MS,five,LO,35,1,1,1,374612,325472,25,1008,2,0.049704142,12.4,142700,66990,80275,687034200,3990
2017,10,Harrison County,MS,nate,H1,12,1,1,1,180563.932,146853.247,65,984,4.357142857,0.010942336,16.8,280,77630,91114,170126800,997
2018,9,Hinds County,MS,gordon,TD,7,1,1,1,354050.104,346096.148,30,1011.5,3,0.001256462,17,283,88705,104261,19308100,131
2010,8,Jackson County,MS,five,LO,42,1,1,1,1215250,1290285,25,1007,9,0.059212001,11.3,125500,49137,57995,534311100,3434
2017,10,Jackson County,MS,nate,TS,2,1,1,1,917651.668,968008.75,60,990,0.857142857,0.013635111,11,230,50994,61679,140926900,841
2018,9,Jackson County,MS,gordon,TS,2,1,1,1,1025866.005,1089293,60,996,4,0.008076607,11.8,209,51429,62031,81847900,501
2018,9,Jones County,MS,gordon,TD,11,1,1,1,91655,108603,45,1005,1,0.000241529,16.6,32,24774,28982,911000,7
2019,10,Lawrence County,MS,olga,EX,3,1,1,1,45555,45817,45,993,0.952941176,0.000163452,15.2,20,4793,6118,110000,1
2017,9,Leflore County,MS,harvey,TD,2,1,1,1,526.085,3487.969,30,1000,1.2,0.002282063,36,3,10477,13146,3307300,30
2011,9,Perry County,MS,lee,EX,2,1,1,1,36734,36940,40,995,0.857142857,0.007462687,15.1,82200,4709,5494,3323000,41
2018,9,Perry County,MS,gordon,TD,8,1,1,1,31344.192,18332.127,45,1005,1,0.000533808,13.6,16,4563,5620,556500,3
2010,8,Walthall County,MS,five,LO,2,1,1,1,42.73,49.641,25,1009,1.5,0.001839536,16.2,83800,5476,7067,1167000,13
2017,8,Washington County,MS,harvey,TD,2,1,1,1,22158,40902,25,1001,2.4,0.005875006,28.4,0,18249,21617,12746100,127
2018,9,Washington County,MS,gordon,TD,10,1,1,1,58594,84755,20,1014,2,0.002454727,28.1,5,18299,21591,6325300,53
2018,9,Yazoo County,MS,gordon,TD,2,1,1,1,13971,13367,25,1013,1.5,0.000394477,26.3,41,8689,10140,233500,4
2018,10,Alamance County,NC,michael,EX,4,1,1,1,3450.557,3735.698,50,989,0.545454545,0.000215057,12.7,206,64059,69749,3002000,15
2015,5,Bertie County,NC,ana,TD,2,1,1,1,1569.797,2168.992,30,1012,1.2,0.003788267,14.1,9,7408,9767,5564800,37
2015,5,Bladen County,NC,ana,TD,2,1,1,1,1622.914,2250.058,30,1009,5,0.001077281,22.8,113,14401,17637,3335400,19
2012,5,Brunswick County,NC,beryl,LO,2,1,1,1,719750.71,1366652.338,40,998,2,0.064427071,11.9,187000,47181,77514,980010800,4994
2016,9,Brunswick County,NC,hermine,TS,11,1,1,1,1429801.564,1377231.409,55,992,0.857142857,0.030136919,11.3,404,50562,81727,500544700,2463
2018,9,Brunswick County,NC,florence,H1,2,1,1,1,1426620.317,930488.579,65,969,6,0.00916429,9,560,54226,86968,167869000,797
2011,8,Carteret County,NC,irene,H1,3,1,1,1,-8.203,-9.324,75,951.5,9,0.089643222,8.9,208200,28692,47901,738785200,4294
2012,5,Carteret County,NC,beryl,LO,2,1,1,1,-8.396,-13.001,45,995,6,0.080543325,10.2,207600,28235,48148,667707700,3878
2018,10,Chatham County,NC,michael,EX,4,1,1,1,3315.988,3602.743,50,989,0.545454545,0.000253526,8.5,484,28527,31555,1530000,8
2015,5,Columbus County,NC,ana,TD,2,1,1,1,38495.844,31831.43,30,1006,6,0.002276937,17.6,44,22006,25912,8398500,59
2016,9,Columbus County,NC,hermine,TS,14,1,1,1,44858.016,39961.293,55,992,0.857142857,0.001735107,17.4,46,22108,25935,7057800,45
2016,9,Craven County,NC,hermine,EX,4,1,1,1,54608.646,53289.94,60,994,1.2,0.011317634,10.4,172,40609,45946,94202200,520
2013,6,Cumberland County,NC,andrea,EX,2,1,1,1,-502,-487,40,996,0.75,0.00156835,14,128700,121226,138362,33889300,217
2014,7,Dare County,NC,arthur,H2,7,1,1,1,23.082,13.757,85,973,2,0.10498532,6.6,284400,14852,33719,720642700,3540
2016,9,Dare County,NC,hermine,EX,2,1,1,1,-0.345,-0.303,60,994,1.2,0.05850548,5.5,131,14706,34031,416318900,1991
2019,9,Dare County,NC,dorian,H2,4,1,1,1,32.644,17.502,85,956,6,0.008633927,5.8,164,15441,34515,66959600,298
2018,10,Davidson County,NC,michael,TS,2,1,1,1,14085.16,15777.888,45,990,0.6,9.42E-05,11.7,210,65471,74311,1504000,7
2018,10,Durham County,NC,michael,EX,6,1,1,1,3118.652,3536.653,50,989,0.545454545,0.000374731,11.9,570,123444,133429,10192500,50
2013,6,Edgecombe County,NC,andrea,EX,2,1,1,1,6125.168,2597.328,40,997,0.428571429,0.008614414,20,80600,21021,24726,27819800,213
2015,5,Edgecombe County,NC,ana,TD,2,1,1,1,1796.737,9814.967,30,1011,1.2,0.006718744,21.8,76,21026,24707,22239400,166
2018,10,Franklin County,NC,michael,EX,2,1,1,1,4215.669,4538.893,50,989,0.545454545,0.000107097,10.4,130,24749,28012,650000,3
2015,5,Gates County,NC,ana,TD,2,1,1,1,0,0,30,1012,1.2,0.001722488,9.6,10,4402,5225,1033600,9
2018,10,Granville County,NC,michael,EX,6,1,1,1,4100.715,4415.126,50,989,0.545454545,4.15E-05,10.9,73,21030,24069,117400,1
2013,6,Halifax County,NC,andrea,EX,2,1,1,1,255999.339,250553.905,40,997,0.428571429,0.00155521,22,86100,21550,25720,6783900,40
2015,5,Halifax County,NC,ana,TD,2,1,1,1,92965.067,87114.317,30,1011,1.2,0.001010926,20.9,27,21468,25719,3666000,26
2018,10,Halifax County,NC,michael,EX,2,1,1,1,100186.179,153317.595,50,989,0.545454545,7.72E-05,19.9,41,21116,25919,279000,2
2019,10,Halifax County,NC,nestor,EX,2,1,1,1,57864.778,48250.476,40,1002,0.666666667,3.86E-05,19.9,41,21116,25919,250000,1
2018,9,Henderson County,NC,florence,TD,2,1,1,1,3709.105,3376.586,25,1008,0.666666667,0.000158064,7.1,267,48281,56939,1981600,9
2013,6,Hertford County,NC,andrea,EX,12,1,1,1,1085.799,1096.309,40,997,0.428571429,0.001419379,20.2,84200,8624,10568,2255500,15
2015,5,Hertford County,NC,ana,TD,2,1,1,1,896.556,1238.773,30,1012,1.2,0.000662628,21.7,30,8651,10564,846500,7
2011,8,Hyde County,NC,irene,H1,2,1,1,1,8.659,9.842,65,950,4.5,0.154438964,28.6,93600,2025,3244,63987700,501
2016,9,Hyde County,NC,hermine,EX,2,1,1,1,-3.452,-3.026,60,994,1.2,0.051457466,22.5,0,1936,3362,25398900,173
2016,9,Hyde County,NC,julia,EX,2,2,2,1,-3.452,-3.026,25,1011,9,0.051457466,22.5,0,1936,3362,25398900,173
2016,9,Jones County,NC,hermine,TS,2,1,1,1,0,0,55,993,2.057142857,0.004935225,17.7,20,4141,4863,3413600,24
2018,9,Madison County,NC,florence,TD,2,1,1,1,72.756,70.253,25,1008,0.666666667,9.18E-05,10.8,96,8452,10892,250000,1
2018,10,Montgomery County,NC,michael,TS,2,1,1,1,43711.488,48972.532,45,990,0.6,0.000123191,14.5,92,10411,16235,300000,2
2013,6,Nash County,NC,andrea,EX,8,1,1,1,228.211,230.42,40,997,0.428571429,0.003928436,12.6,117300,37726,42256,28790300,166
2012,5,New Hanover County,NC,beryl,LO,2,1,1,1,139138.296,139314.999,40,998,2,0.038391748,9.9,222000,85183,101402,755656200,3893
2018,9,New Hanover County,NC,florence,H1,12,1,1,1,454576.059,256035.148,80,957,4,0.00488814,10.3,1211,93636,109244,108731700,534
2015,5,Northampton County,NC,ana,TD,2,1,1,1,171.965,237.605,30,1012,2.4,0.000778076,21.4,45,8630,11567,1036600,9
2018,10,Northampton County,NC,michael,EX,2,1,1,1,8048.018,13684.08,50,988,1.402597403,0,17.4,0,8628,11970,0,0
2019,10,Northampton County,NC,nestor,EX,2,1,1,1,25334.918,17839.471,40,1002,0.666666667,0,17.4,0,8628,11670,0,0
2018,10,Orange County,NC,michael,EX,2,1,1,1,4689.954,6582.748,50,989,0.545454545,0.000643456,5,833,52529,57502,7044100,37
2016,9,Pender County,NC,hermine,TS,2,1,1,1,0,0,55,992,0.857142857,0.019332676,13.1,92,20534,27363,102246500,529
2018,9,Polk County,NC,florence,TD,2,1,1,1,1568,1336,25,1008,0.666666667,0.000342642,6.9,198,9047,11674,775000,4
2018,10,Randolph County,NC,michael,TS,4,1,1,1,1902.81,2048.703,45,991,1.145454545,4.83E-05,11.3,210,56041,62147,635000,3
2013,6,Robeson County,NC,andrea,EX,4,1,1,1,5296.506,5467.648,40,996,0.75,0.003300771,25.6,66800,45154,52412,22952900,173
2013,6,Sampson County,NC,andrea,EX,2,1,1,1,8768.58,7463.826,40,996,1.178571429,0.000812318,17.6,89200,23336,27083,3249900,22
2015,5,Sampson County,NC,ana,TD,3,1,1,1,5811.642,7292.794,30,1010,2,0.000588972,18.8,31,23280,27166,2194100,16
2018,10,Stanly County,NC,michael,TS,2,1,1,1,66327.219,73709.95,45,990,0.6,7.24E-05,10.1,36,23717,27638,400000,2
2018,10,Union County,NC,michael,TS,6,1,1,1,9973.686,10333.445,45,990,0.6,0.000288785,6.5,1243,75165,79644,4870000,23
2018,10,Vance County,NC,michael,EX,6,1,1,1,13854.346,15819.612,50,989,0.545454545,0.000149128,18,53,16854,20117,545100,3
2018,10,Warren County,NC,michael,EX,6,1,1,1,3068.634,3303.913,50,989,0.545454545,0.000167392,12.5,3,7780,11948,347600,2
2015,5,Wayne County,NC,ana,TD,2,1,1,1,455241.148,647168.897,30,1010,3.2,0.00246514,16.7,91,47530,53141,21329400,131
2013,6,Wilson County,NC,andrea,EX,2,1,1,1,28.617,17.382,40,997,0.428571429,0.003603604,17.3,111500,31690,35520,19086400,128
2015,5,Wilson County,NC,ana,TD,2,1,1,1,3190.367,4419.437,30,1011,1.2,0.0028875,17.5,49,32003,35671,15071700,103
2011,8,Coos County,NH,irene,EX,2,1,1,1,27321.258,30293.424,45,982,0.75,0.001932231,9.3,133200,14860,21219,4708400,41
2017,10,Coos County,NH,nate,EX,2,1,1,1,78383.82,70648.021,25,1006,0.75,0.000372249,9.4,27,13879,21491,756500,8
2011,8,Grafton County,NH,irene,EX,2,1,1,1,48904.209,56529.259,45,982,0.75,0.002683028,5.4,209900,34498,50689,18857900,136
2017,10,Grafton County,NH,nate,EX,2,1,1,1,60081.655,61595.942,25,1006,1.211538462,0.000706822,6.2,542,34856,52347,4876100,37
2011,8,Atlantic County,NJ,irene,TS,3,1,1,1,3248.329,3245.907,60,959,4,0.076283193,9.6,256600,101418,126345,1759024300,9638
2012,10,Atlantic County,NJ,sandy,EX,3,1,1,1,4032.417,4001.006,70,945.5,4,0.058261843,10.1,248100,101018,126824,1357984700,7389
2012,10,Gloucester County,NJ,sandy,EX,2,1,1,1,103567.604,93062.251,70,955,1,0.00323068,5.3,232400,104091,109884,63416400,355
2011,8,Monmouth County,NJ,irene,TS,8,1,1,1,6354.849,5928.756,55,963,1.5,0.01671706,4.8,413500,233120,257641,835854300,4307
2011,8,Ocean County,NJ,irene,TS,13,1,1,1,611050.22,488840.184,60,962,1,0.041218101,6.6,284100,222863,277087,2367702900,11421
2012,10,Salem County,NJ,sandy,EX,3,1,1,1,2599816.609,2142119.96,70,955,1,0.01844225,8.6,197200,24950,27437,76313800,506
2017,10,Allegany County,NY,nate,EX,4,1,1,1,9019.724,6253.345,25,1005,0.545454545,0.00102568,11.7,6,18124,26324,1687700,27
2011,8,Bronx County,NY,irene,TS,2,1,1,1,25637.263,35257.098,55,968,0.555555556,0.001013342,26,391300,471923,511180,94990800,518
2017,10,Cattaraugus County,NY,nate,EX,4,1,1,1,14370,7587,25,1005,0.545454545,0.000772369,11.1,32,31723,41431,3233200,32
2017,10,Cayuga County,NY,nate,EX,6,1,1,1,1129.771,933.413,25,1005,0.545454545,0.000650724,8.4,117,31428,36882,2188800,24
2017,10,Chautauqua County,NY,nate,EX,3,1,1,1,14775.854,12647.672,25,1005,0.545454545,0.000489454,13.4,139,52983,67422,3422100,33
2018,9,Columbia County,NY,florence,EX,3,1,1,1,1626.805,1510.038,25,1006,0.545454545,0.000329479,6.9,559,25243,33386,1927000,11
2011,8,Dutchess County,NY,irene,TS,96,1,1,1,5383.603,4921.664,55,968,0.555555556,0.002408147,6.2,314500,107151,117933,51330000,284
2018,9,Dutchess County,NY,florence,EX,11,1,2,86,5383.603,3144.139,25,1006,0.545454545,0.000381831,6.1,1024,107347,120472,8599400,46
2017,10,Essex County,NY,nate,EX,2,1,1,1,17855.031,21942.643,25,1006,0.461538462,0.000306349,5.6,160,15257,26114,1176700,8
2017,10,Herkimer County,NY,nate,EX,2,1,1,1,27036.74,31482.251,25,1006,0.461538462,0.000593014,10.3,119,25187,33726,1316300,20
2011,8,Kings County,NY,irene,TS,24,1,1,1,267941.701,218303.626,55,965,1.055555556,0.002776382,18.9,570800,907785,993379,580658900,2758
2017,10,Madison County,NY,nate,EX,2,1,1,1,11981.995,16006.34,25,1006,0.461538462,0.000809036,7.8,113,26307,32137,2892000,26
2017,10,Oneida County,NY,nate,EX,2,1,1,1,27314.974,25859.545,25,1006,0.461538462,0.00042858,12,211,90472,104998,5224600,45
2017,10,Onondaga County,NY,nate,EX,10,1,1,1,43304.072,28022.306,25,1005,1.006993007,0.00049829,10.1,592,185840,206707,13907300,103
2017,10,Ontario County,NY,nate,EX,2,1,1,1,6699.61,6633.231,25,1005,0.545454545,0.000399409,6.3,262,44269,50074,3657400,20
2017,10,Oswego County,NY,nate,EX,3,1,1,1,2380423.97,2476009.613,25,1006,0.461538462,0.000405127,13.1,104,45881,54304,2317300,22
2011,8,Putnam County,NY,irene,TS,2,1,1,1,0,0,55,968,0.555555556,0.003519555,2.8,406000,34998,38073,26166400,134
2011,8,Queens County,NY,irene,TS,12,1,1,1,1897122.761,1527051.553,55,968,0.555555556,0.003501316,11.1,474000,773130,833401,539070000,2918
2017,10,Seneca County,NY,nate,EX,3,1,1,1,11123.756,10667.573,25,1005,0.545454545,0.000491008,7.1,52,13536,16293,1152600,8
2013,6,Suffolk County,NY,andrea,EX,2,1,1,1,785351.644,838615.153,40,998,1,0.016270318,4.6,383400,497347,569196,2104602900,9261
2018,9,Sullivan County,NY,florence,EX,3,1,1,1,16440.445,15153.015,25,1006,0.545454545,0.000336921,10.6,119,27890,50457,2482400,17
2018,9,Ulster County,NY,florence,EX,3,1,1,1,8924.101,8281.029,25,1006,0.545454545,0.000447723,8,644,69539,84874,9035300,38
2017,10,Warren County,NY,nate,EX,2,1,1,1,13168.744,9086.151,25,1006,0.461538462,0.000278066,6.5,573,27249,39559,1651000,11
2011,8,Westchester County,NY,irene,TS,3,1,1,1,1553606.726,1543778.292,55,968,0.555555556,0.004960068,6.4,547000,345908,369753,397475500,1834
2017,10,Yates County,NY,nate,EX,4,1,1,1,29746,0,25,1005,0.545454545,0.00159756,8.5,87,9338,13771,3560300,22
2012,10,Adams County,PA,sandy,EX,4,1,1,1,468632.581,366636.988,55,972,1.2,0.002057462,5.6,204000,38291,40827,11937900,84
2012,10,Allegheny County,PA,sandy,EX,46,1,1,1,709496.082,572576.968,40,990,1,0.001149072,8.8,120300,524392,589171,74855300,677
2012,10,Armstrong County,PA,sandy,EX,3,1,1,1,537799.537,412139.407,40,990,1,0.002829289,9,92300,28724,32517,8395300,92
2012,10,Blair County,PA,sandy,EX,2,1,1,1,24662.439,35506.802,50,983,1.2,0.004496818,9.4,103700,51490,56262,23095500,253
2018,9,Blair County,PA,florence,EX,2,1,1,1,23394.917,25061.44,25,1007,0.461538462,0.000369933,10.6,136,51625,56767,1664600,21
2012,10,Cambria County,PA,sandy,EX,2,1,1,1,193155.243,183116.439,40,986,2.2,0.002863845,9.8,87300,58502,65646,10668300,188
2018,9,Cambria County,PA,florence,EX,3,1,1,1,202086.925,162299.054,25,1007,0.461538462,0.000227694,10.4,88,56793,65878,965400,15
2018,9,Centre County,PA,florence,EX,2,1,1,1,4625.34,2437.48,25,1007,0.461538462,9.05E-05,5.5,310,57908,66312,678000,6
2012,10,Chester County,PA,sandy,EX,7,1,1,1,1722.026,1674.938,70,955,1,0.001903702,4.1,329700,183793,192257,68132300,366
2012,10,Cumberland County,PA,sandy,EX,3,1,1,1,4748.288,4557.739,55,972,1.2,0.00270411,5.2,183500,94776,99848,32953700,270
2018,9,Fayette County,PA,florence,EX,2,1,1,1,452749.903,459256.204,25,1007,0.461538462,0.000188475,13.1,175,54511,63669,766700,12
2012,10,Franklin County,PA,sandy,EX,4,1,1,1,5289.615,4748.96,50,978,2.4,0.001045859,7,178200,58044,63106,10265900,66
2012,10,Huntingdon County,PA,sandy,EX,2,1,1,1,3114.304,5271.216,50,983,1.2,0.004562534,8.4,112800,16882,22356,8562600,102
2018,9,Huntingdon County,PA,florence,EX,2,1,1,1,10202.815,11737.156,25,1007,0.461538462,0.0002651,9.5,93,16808,22633,352200,6
2012,10,Indiana County,PA,sandy,EX,3,1,1,1,1961062.684,1949705.694,40,990,1,0.001987448,10,104600,34483,38240,7076600,76
2018,9,Lackawanna County,PA,florence,EX,3,1,1,1,493271.785,530218.132,25,1006,0.545454545,0.000160547,10.7,254,86628,99659,1963100,16
2012,10,Lancaster County,PA,sandy,EX,2,1,1,1,38331.38,80045.177,55,960,2.2,0.001134122,7.2,189600,193306,202800,30901300,230
2012,10,Lawrence County,PA,sandy,EX,2,1,1,1,5562,23205,35,993,4.5,0.001660318,10.8,96800,36712,40956,4581100,68
2012,10,Mercer County,PA,sandy,EX,2,1,1,1,2.164,1.627,35,994,1.5,0.000502717,9.3,103700,46389,51719,2961600,26
2017,10,Mercer County,PA,nate,EX,2,1,1,1,131.32,132.3,25,1005,0.352941176,0.000115126,9.9,163,45805,52117,680000,6
2018,9,Somerset County,PA,florence,EX,2,1,1,1,64888.618,72528.464,25,1007,0.461538462,0.000286302,8.9,81,29708,38421,1029800,11
2017,10,Warren County,PA,nate,EX,2,1,1,1,-17047.799,-13309.007,25,1005,0.545454545,0.000636645,9.5,39,17095,23561,1189600,15
2018,9,Wayne County,PA,florence,EX,2,1,1,1,19232.592,19156.838,25,1006,0.545454545,0.000124069,6.9,142,18739,32240,900000,4
2012,10,Westmoreland County,PA,sandy,EX,2,1,1,1,1652.084,2796.289,40,990,1,0.001349913,7.2,131800,153064,168159,25640100,227
2018,9,Westmoreland County,PA,florence,EX,3,1,1,1,5988.436,5558.604,25,1007,0.461538462,0.000129246,6.7,547,151665,170218,2157700,22
2018,9,Wyoming County,PA,florence,EX,11,1,1,1,113823.648,103638.189,25,1006,0.545454545,0.000518403,7.5,51,10784,13503,780600,7
2012,10,York County,PA,sandy,EX,2,1,1,1,1920702.692,2049427.01,55,972,1.2,0.001606997,6.7,177200,168128,178594,37888200,287
2013,6,Newport County,RI,andrea,EX,2,1,1,1,134688,117799,40,998,1,0.018406231,5.4,355800,34774,41725,153253900,768
2013,6,Washington County,RI,andrea,EX,2,1,1,1,349.308,424.227,40,998,1,0.021700428,4.4,321900,49430,62349,282414100,1353
2018,9,Aiken County,SC,florence,TS,2,1,1,1,197156.997,239735.004,35,1002,3.5,0.000171201,12.9,424,66710,75934,2447200,13
2012,5,Beaufort County,SC,beryl,TS,2,1,1,1,4.688,6.459,35,1003,1,0.141978717,7.7,279400,64042,92373,2695181100,13115
2013,6,Beaufort County,SC,andrea,TS,3,1,1,1,-15.349,-10.401,40,996,0.545454545,0.12132828,8.5,275500,64417,92872,2313795200,11268
2016,9,Beaufort County,SC,hermine,TS,2,1,1,1,-17.62,-16.133,50,991,0.75,0.07237586,8.1,2500,67345,94631,1347210500,6849
2012,5,Berkeley County,SC,beryl,TS,3,1,1,1,1541197.634,1538667.309,40,1001,1,0.018894179,11.3,150900,63390,73303,303387900,1385
2013,6,Berkeley County,SC,andrea,TS,2,1,1,1,1267030.753,1183299.387,40,996,0.545454545,0.016397194,11.4,150400,65392,74281,261459900,1218
2016,5,Berkeley County,SC,bonnie,TD,2,1,1,1,1183090.978,933058.759,25,1011.5,12,0.011449057,10.1,647,70482,77823,194382300,891
2018,9,Calhoun County,SC,florence,TS,7,1,1,1,296774.397,309015.306,40,999,5,0.000134481,11.1,29,6121,7436,150000,1
2019,10,Calhoun County,SC,nestor,EX,2,1,1,1,335115.56,146428.056,40,1002,0.5,0,11.1,29,6121,7436,0,0
2012,5,Charleston County,SC,beryl,TS,3,1,1,1,54389.175,56244.724,40,1001,1,0.097417269,12.4,240600,140932,170401,3454485500,16600
2016,5,Charleston County,SC,bonnie,TD,2,1,1,1,33054.935,44999.913,30,1009,7,0.04144403,11.3,5014,150921,178168,1526321900,7384
2016,10,Charleston County,SC,matthew,H1,2,1,1,1,47025.709,42556.341,75,971,1.5,0.034192448,11.3,5014,150921,178168,1282132900,6092
2018,10,Chester County,SC,michael,TS,2,1,1,1,36824.282,40947.962,45,990,0.6,0,16.4,7,12453,14752,0,0
2018,9,Clarendon County,SC,florence,TS,2,1,1,1,0,0,45,998,6,0.000338238,18.3,73,13327,17739,955500,6
2012,5,Colleton County,SC,beryl,TS,2,1,1,1,92399,178064.999,35,1002,2,0.03600242,17.8,92900,15119,19832,165462100,714
2013,6,Colleton County,SC,andrea,TS,2,1,1,1,17953,150264.003,40,996,0.545454545,0.020647773,16.2,89900,14905,19760,87235400,408
2016,9,Colleton County,SC,hermine,TS,3,1,1,1,484.384,462.72,50,991,0.75,0.009377059,16.8,64,14865,19729,40687100,185
2019,10,Darlington County,SC,nestor,EX,2,1,1,1,508722.197,592578.543,40,1002,0.5,3.26E-05,17.3,58,26592,30677,250000,1
2013,6,Dorchester County,SC,andrea,TS,2,1,1,1,0,0,40,996,0.545454545,0.013514243,9.7,167400,50321,55571,144167600,751
2016,5,Dorchester County,SC,bonnie,TD,2,1,1,1,10327,14617,30,1010,7,0.00745079,9.5,144,53005,57712,85470300,430
2018,10,Fairfield County,SC,michael,TS,3,1,1,1,687221.913,91431.249,45,990,0.6,0.000590667,17.3,24,8979,11851,1325600,7
2013,6,Florence County,SC,andrea,EX,3,1,1,1,46540.94,44950.683,40,996,0.75,0.001739575,15.7,114900,51332,58635,17097800,102
2012,5,Georgetown County,SC,beryl,TS,2,1,1,1,178971.787,280960.606,40,1001,1,0.066060984,13.3,165700,22361,33681,454751800,2225
2016,5,Georgetown County,SC,bonnie,LO,2,1,1,1,119784.866,273188.732,25,1010,14,0.030213253,14.5,473,24379,34091,205290200,1030
2016,9,Georgetown County,SC,hermine,TS,17,1,1,1,380720.443,146927.826,50,991,1.607142857,0.023671937,14.5,473,24379,34091,172026500,807
2016,10,Georgetown County,SC,matthew,H1,16,1,2,2,380720.443,186015.35,75,971,1.5,0.022762606,14.5,473,24379,34091,164727400,776
2018,9,Georgetown County,SC,florence,TS,3,1,1,1,223586.337,140367.331,55,986,5,0.009448235,12.8,441,25111,35033,72770400,331
2018,9,Greenville County,SC,florence,TD,2,1,1,1,2981.279,2730.795,30,1007.5,2.166666667,0.000332192,8.9,1301,189334,207711,13215800,69
2018,9,Greenwood County,SC,florence,TD,2,1,1,1,3746.657,3617.773,30,1006,3,0.000191198,17.1,113,27207,31381,1325000,6
2012,5,Horry County,SC,beryl,TS,3,1,1,1,1110.559,1101.91,40,1000,3,0.092591594,12.8,164000,113412,185438,2621706800,17170
2015,5,Horry County,SC,ana,TS,3,1,1,1,608.873,596.398,40,1002,9,0.033631255,13.1,445,118738,191102,1115117800,6427
2016,9,Horry County,SC,hermine,TS,4,1,1,1,539.827,490.542,55,992,0.857142857,0.025873114,12.6,449,122125,193560,832521600,5008
2018,9,Horry County,SC,florence,TS,5,1,1,1,973.366,802.179,60,978,5,0.007643716,11.7,729,128586,201996,276406400,1544
2012,5,Jasper County,SC,beryl,TS,2,1,1,1,31785.452,499285.385,35,1003,1,0.017232938,12.9,93800,8079,10213,36645000,176
2013,6,Jasper County,SC,andrea,TS,2,1,1,1,357176.303,455081.205,40,996,0.545454545,0.012490392,16.1,90200,8563,10408,25651200,130
2016,9,Jasper County,SC,hermine,TS,35,1,1,1,545925.995,536331,50,991,0.75,0.009611864,17.8,45,9298,10924,19831500,105
2018,10,Lancaster County,SC,michael,TS,2,1,1,1,15413.365,17139.394,45,990,0.6,0.000383982,10.9,58,32632,36460,3025000,14
2018,9,Laurens County,SC,florence,TD,5,1,1,1,1218,664,30,1007,1.5,0.000192419,15.5,128,25373,31182,820300,6
2018,9,Marion County,SC,florence,TS,2,1,1,1,0,0,60,983,2,0.000870847,18.2,9,11538,14928,1745000,13
2019,10,Marlboro County,SC,nestor,EX,2,1,1,1,0,0,40,1002,0.5,0,22.9,4,9584,12021,0,0
2018,10,McCormick County,SC,michael,TS,2,1,1,1,53221.364,59181.232,50,984,0.666666667,0,13.5,22,3967,5587,0,0
2013,6,Orangeburg County,SC,andrea,TS,2,1,1,1,220998.097,243806.065,40,996,0.545454545,0.001088783,20,84700,34180,42249,7420400,46
2018,9,Orangeburg County,SC,florence,TS,12,1,1,1,210193.28,120627.435,40,1001,2,0.000234252,19.1,190,32966,42689,2050000,10
2019,10,Orangeburg County,SC,nestor,EX,2,1,1,1,181293.856,194047.589,40,1002,0.5,4.69E-05,19.1,190,32966,42689,450000,2
2019,10,Richland County,SC,nestor,EX,3,1,1,1,213348.202,60551.915,40,1002,0.5,8.77E-05,11.4,679,150309,171000,3141000,15
2018,9,Saluda County,SC,florence,TD,9,1,1,1,1962.546,1605.253,35,1005,1.5,0.000213129,11.9,51,7211,9384,486000,2
2018,10,Saluda County,SC,michael,TS,8,1,2,2,1962.546,1693.027,45,987,1.266666667,0.000106564,11.9,51,7211,9384,250000,1
2018,9,Spartanburg County,SC,florence,TD,2,1,1,1,5894.185,5036.398,25,1007,2.166666667,0.000109503,10.9,332,114640,127850,2477300,14
2010,9,Atascosa County,TX,hermine,TS,9,1,1,1,286253,282706,45,994,1.2,0.001276991,15.3,80400,14521,17228,2426700,22
2015,6,Bastrop County,TX,bill,TD,2,1,1,1,459500,590465,40,999,1.5,0.00267597,10.1,81,25454,29522,12862900,79
2015,6,Bell County,TX,bill,TD,2,1,1,1,642366,677575,30,999,1.2,0.001207436,12.1,420,109844,131684,26659600,159
2010,9,Bexar County,TX,hermine,TS,11,1,1,1,2000162.07,1172184.571,40,996,2.7,0.002051788,13.2,117100,580224,642854,208559600,1319
2015,6,Bosque County,TX,bill,TD,2,1,1,1,162681.503,407114.384,30,999,2.7,0.002074474,10.6,79,6999,9641,2747100,20
2019,9,Brazoria County,TX,imelda,TS,4,1,1,1,1030131.307,922715.394,40,1003,6,0.001410532,7.2,89,118762,133283,41529600,188
2015,6,Calhoun County,TX,bill,TS,2,1,1,1,482320.15,468677.422,50,997,7.5,0.036015854,14.4,3,7994,11606,69171500,418
2017,8,Calhoun County,TX,harvey,TS,6,1,1,1,449036.4,390572.731,40,997,6,0.016220326,10,0,7733,11837,33472600,192
2010,7,Cameron County,TX,two,TD,2,1,1,1,12177.966,10520.205,25,1007,7,0.029903761,30,74000,113547,140484,574398400,4201
2010,9,Cameron County,TX,hermine,TS,10,1,1,1,12177.966,12878.74,55,990,5.2,0.02670055,30,74000,113547,140484,504559600,3751
2015,6,Cooke County,TX,bill,TD,6,1,1,1,35985,26119,25,1000,2.7,0.002580877,11.2,67,14598,16661,6414300,43
2015,6,Denton County,TX,bill,TD,2,1,1,1,11644.871,12955.862,25,1000,1.5,0.001493982,5.8,1433,257275,273765,77453600,409
2015,6,Fayette County,TX,bill,TD,2,1,1,1,805247.004,971769.999,40,999,1.5,0.002454165,7.8,232,9558,13854,5474600,34
2017,8,Goliad County,TX,harvey,H1,3,1,1,1,354996.999,375836.996,65,978,5,0.001331913,11.2,77,2755,3754,1043000,5
2017,8,Gonzales County,TX,harvey,TS,18,1,1,1,834.356,680.137,40,998,6,0.001688809,13.5,42,7018,8882,1694300,15
2010,7,Hidalgo County,TX,two,TD,2,1,1,1,721841,667061,25,1007,3,0.008955224,30.5,73000,205971,243210,306034500,2178
2015,6,Johnson County,TX,bill,TD,2,1,1,1,0,28200,30,999,1.5,0.001676618,9.3,151,53685,58451,15696900,98
2010,9,Kenedy County,TX,hermine,TS,2,1,1,1,115847,89913,55,991,1.2,0.007092199,15.9,71000,92,282,300000,2
2011,7,Kenedy County,TX,don,TD,5,1,1,1,192053,186421,35,1007,1,0.015267176,22.7,54400,82,262,575000,4
2017,8,Matagorda County,TX,harvey,TS,3,1,1,1,1915879,1922021,40,997,3,0.012810498,16.9,16,13811,19203,39027700,246
2015,6,McLennan County,TX,bill,TD,2,1,1,1,21043,474221,30,999,1.2,0.001557745,14.7,153,86769,96935,26182800,151
2015,6,Milam County,TX,bill,TD,2,1,1,1,375627.996,733301.996,30,999,1.2,0.00088308,14.8,51,9346,11324,611700,10
2017,6,Newton County,TX,cindy,TS,2,1,1,1,689617.355,598972.231,40,993,3.666666667,0.004412576,8.4,0,4781,7252,3386800,32
2011,7,Nueces County,TX,don,LO,2,1,1,1,701487.802,794940.335,30,1008,1.333333333,0.050610209,14.7,107900,121969,139952,1146997300,7083
2017,6,Orange County,TX,cindy,TS,2,1,1,1,572198.998,624013,45,992,1.666666667,0.018745396,10.5,58,32272,36649,118807000,687
2010,9,Shackelford County,TX,hermine,TD,2,1,1,1,97241,81141,20,1005,3.5,0.004278729,9.4,69000,1195,1636,518000,7
2015,6,Tarrant County,TX,bill,TD,2,1,1,1,10077.827,19459.252,25,999,3,0.001781755,11.6,3369,673737,732985,233321800,1306
2015,6,Victoria County,TX,bill,TS,2,1,1,1,151528.9,132267.94,50,998,1.5,0.007525923,12.4,48,32510,35876,48480200,270
2017,8,Victoria County,TX,harvey,TS,11,1,1,1,217985.774,169487.363,35,997,6,0.00191744,10.9,60,32734,36507,13022500,70
2010,9,Wichita County,TX,hermine,TD,12,1,1,1,7563.863,-58.816,20,1005,1,0.005635126,11.9,87400,48601,55367,35553800,312
2015,6,Wise County,TX,bill,TD,2,1,1,1,779654.561,1038188.529,25,1000,1.5,0.001714262,8.7,100,21068,23917,5614100,41
2010,9,Young County,TX,hermine,TD,12,1,1,1,84673,35556,20,1005,1.5,0.002666976,10.7,69400,7484,8624,1852500,23
2013,6,Accomack County,VA,andrea,EX,2,1,1,1,547.784,9124.703,40,997,2,0.038564338,13.4,153600,14333,20952,136151600,808
2015,5,Accomack County,VA,ana,LO,2,1,1,1,739.078,27917.055,30,1012,3,0.028481765,12.2,38,13961,21031,103779700,599
2018,10,Greensville County,VA,michael,EX,2,1,1,1,474.035,527.119,60,985,0.857142857,0,11.8,8,3688,4179,0,0
2019,10,Hampton city,VA,nestor,EX,3,1,1,1,3066.226,3152.051,40,1001,1.5,0.002112301,11.4,135,53700,60124,25353100,127
2013,6,Isle of Wight County,VA,andrea,EX,3,1,1,1,22583.375,20700.227,40,997,0.428571429,0.007509641,8.8,249600,13560,14781,22458400,111
2018,10,Isle of Wight County,VA,michael,EX,2,1,1,1,25936.497,26914.163,60,985,0.857142857,0.000773645,7.1,95,14304,15511,2520000,12
2019,10,Isle of Wight County,VA,nestor,EX,2,1,1,1,26197.761,27499.331,40,1002,2.166666667,0,7.1,95,14304,15511,0,0
2015,5,Northampton County,VA,ana,LO,2,1,1,1,28.449,176.886,30,1012,3,0.018298512,16,75,5248,7323,30141000,134
2018,10,Portsmouth city,VA,michael,EX,8,1,1,1,17876,18337,60,985,0.857142857,0.003350043,12.9,73,36471,40895,26137700,137
2017,6,Rockingham County,VA,cindy,LO,2,1,1,1,1086.044,2470.144,25,1003,0.315789474,0.001031785,7.7,120,30503,34891,4950800,36
2013,6,Southampton County,VA,andrea,EX,2,1,1,1,9.577,22.192,40,997,0.428571429,0.002536038,12.3,150000,6708,7492,2888900,19
2018,10,Southampton County,VA,michael,EX,2,1,1,1,35556.083,36162.835,60,985,0.857142857,0.00052687,8.4,20,6522,7592,867000,4
2015,5,Suffolk city,VA,ana,TD,2,1,1,1,1852.042,1961.277,30,1012,1.2,0.003258845,8.9,252,30990,34368,22915900,112
2018,10,Suffolk city,VA,michael,EX,2,1,1,1,1167.803,1635.553,60,985,0.857142857,0.001049347,8.9,175,33198,36213,7832500,38
2013,6,York County,VA,andrea,EX,2,1,1,1,29343,123682,40,997,0.428571429,0.028771877,5,316800,24071,26797,165151700,771
